{"pixelSize":0.0010000000474974513,"intrinsicReferenceDimensionWidth":4032,"lensDistortionLookup":"aUuDtqlkiLc\/tlS4ARvRuAyTHrkW4Ua5OoJOuelFIbkf4Cy4J+UlOYia8DlPYmQ6PI23OuYWBjsWnzc7YZJvO3xkljum5rY7J3fYO98q+js8iA08ph4dPPZsKzzAFjg8p9NCPAlzSzx\/3lE8YBtWPJFLWDwNrlg8rp9XPGGcVTy+QFM8B0tRPGSZUDwwIVI8ZdhWPCeGXzzHaWw8+Z98PDqShjwsoos8","intrinsic":[2738.990234375,0,0,0,2738.990234375,0,2029.7266845703125,1512.198974609375,1],"intrinsicReferenceDimensionHeight":3024,"lensDistortionCenter":[2029.7266845703125,1512.198974609375],"inverseLensDistortionLookup":"6A3oNnC7nzexs104jIbTOD5+HjlvaEU5TcBLOWuZHTnuah04O8AouS2f8LmNDGO6nsm1uspkBLsWzTS7xUlru5pZk7vWzrK7nzbTuwu287tyuAm8ZsoYvKGxJrzpHDO8Isw9vGKSRrwkV028FxdSvOnkVLys6lW8VmxVvH3LU7zki1G8SFdPvDf9TbwTaU68H4VRvK38V7zIyWG8JnNtvNzUdryNPHW8","extrinsic":[1,0,0,0,1,0,0,0,1]}